﻿{"cameraMode":{"drawMode":0,"name":"Shaded","section":"Shading Mode"},"sceneLighting":true,"audioPlay":false,"sceneViewState":{"showFog":true,"showMaterialUpdate":true,"showSkybox":true,"showFlares":true,"showImageEffects":true,"showParticleSystems":true},"in2DMode":false,"pivot":{"x":613.96337890625,"y":34.327491760253909,"z":651.02197265625},"rotation":{"x":-0.12734676897525788,"y":0.8661647439002991,"z":-0.27964603900909426,"w":-0.3942842483520508},"size":889.0790405273438,"orthographic":false}